,MEN,MTurk,RG65,RW,SimLex999,WS353,WS353R,WS353S
0,0.4304695320218821,0.47123217160136666,0.1612325174825175,0.7116621460367935,0.2730345090964783,0.5199064353139577,0.5253565575506891,0.5020442006386513
